"Model","RMSE","MAE","R2","MAPE","Correlation"
"XGBoost-Cases",0.132551804048893,0.0954555036141944,0.960936138893168,21.0077525554694,0.982949124876333
"RandomForest-Cases",0.117591601784,0.0769079185106112,0.969256274510457,15.5898428505692,0.984840473099274
