"Model","RMSE","MAE","R2","MAPE","Correlation"
"XGBoost-Cases",0.0711497531280153,0.0492033254894371,0.990074385810069,9.64791000043152,0.995130188573769
"RandomForest-Cases",0.0852889350190862,0.0543457935332805,0.985737489469408,10.9150268905383,0.993006030204728
