"Model","RMSE","MAE","R2","MAPE","Correlation"
"XGBoost",36.7015994013314,18.9782755914203,0.89691513421509,21.5923986312644,0.948473022625461
"RandomForest",37.9940625786343,18.716008444179,0.889526936859631,24.7940471563402,0.946422807135371
